--------------------------------------------------------
--  파일이 생성됨 - 목요일-10월-17-2024   
--------------------------------------------------------
--------------------------------------------------------
--  DDL for Table A
--------------------------------------------------------

  CREATE TABLE "A" 
   (	"CODE" CHAR(1 BYTE), 
	"VAL" NUMBER(1,0)
   ) ;
--------------------------------------------------------
--  DDL for Table B
--------------------------------------------------------

  CREATE TABLE "B" 
   (	"CODE" CHAR(1 BYTE), 
	"UNIT" CHAR(1 BYTE)
   ) ;
--------------------------------------------------------
--  DDL for Table MAJOR
--------------------------------------------------------

  CREATE TABLE "MAJOR" 
   (	"MAJOR_NO" VARCHAR2(3 BYTE), 
	"MAJOR_NAME" VARCHAR2(30 BYTE)
   ) ;
--------------------------------------------------------
--  DDL for Table STUDENT
--------------------------------------------------------

  CREATE TABLE "STUDENT" 
   (	"STD_NO" CHAR(8 BYTE), 
	"STD_NAME" VARCHAR2(30 BYTE), 
	"STD_SCORE" NUMBER(3,2) DEFAULT 0, 
	"STD_GENDER" CHAR(1 BYTE), 
	"MAJOR_NO" VARCHAR2(3 BYTE)
   ) ;

Insert into A (CODE,VAL) values ('A',1);
Insert into A (CODE,VAL) values ('B',2);
Insert into A (CODE,VAL) values ('C',3);
Insert into A (CODE,VAL) values ('D',4);

Insert into B (CODE,UNIT) values ('A','+');
Insert into B (CODE,UNIT) values ('B','-');
Insert into B (CODE,UNIT) values ('C','*');
Insert into B (CODE,UNIT) values ('F','/');

Insert into MAJOR (MAJOR_NO,MAJOR_NAME) values ('01','물리학과');
Insert into MAJOR (MAJOR_NO,MAJOR_NAME) values ('02','컴퓨터공학과');
Insert into MAJOR (MAJOR_NO,MAJOR_NAME) values ('03','심리학과');
Insert into MAJOR (MAJOR_NO,MAJOR_NAME) values ('04','화학과');
Insert into MAJOR (MAJOR_NO,MAJOR_NAME) values ('05','의학과');
Insert into MAJOR (MAJOR_NO,MAJOR_NAME) values ('06','법학과');
Insert into MAJOR (MAJOR_NO,MAJOR_NAME) values ('07','수학과');
Insert into MAJOR (MAJOR_NO,MAJOR_NAME) values ('08','영어영문학과');
Insert into MAJOR (MAJOR_NO,MAJOR_NAME) values ('09','전자공학과');
Insert into MAJOR (MAJOR_NO,MAJOR_NAME) values ('10','경영학과');

Insert into STUDENT (STD_NO,STD_NAME,STD_SCORE,STD_GENDER,MAJOR_NO) values ('20220046','이현우',4.24,'M','01');
Insert into STUDENT (STD_NO,STD_NAME,STD_SCORE,STD_GENDER,MAJOR_NO) values ('20220047','윤지원',4.46,'M','02');
Insert into STUDENT (STD_NO,STD_NAME,STD_SCORE,STD_GENDER,MAJOR_NO) values ('20220048','윤지원',4.35,'M','03');
Insert into STUDENT (STD_NO,STD_NAME,STD_SCORE,STD_GENDER,MAJOR_NO) values ('20220049','최지민',2.03,'M','04');
Insert into STUDENT (STD_NO,STD_NAME,STD_SCORE,STD_GENDER,MAJOR_NO) values ('20220050','최지우',4.49,'M','01');
Insert into STUDENT (STD_NO,STD_NAME,STD_SCORE,STD_GENDER,MAJOR_NO) values ('20220051','김하늘',1.94,'F','05');
Insert into STUDENT (STD_NO,STD_NAME,STD_SCORE,STD_GENDER,MAJOR_NO) values ('20220052','강혜진',1.04,'F','05');
Insert into STUDENT (STD_NO,STD_NAME,STD_SCORE,STD_GENDER,MAJOR_NO) values ('20220053','윤지민',3.41,'M','06');
Insert into STUDENT (STD_NO,STD_NAME,STD_SCORE,STD_GENDER,MAJOR_NO) values ('20220054','정승현',3.14,'F','06');
Insert into STUDENT (STD_NO,STD_NAME,STD_SCORE,STD_GENDER,MAJOR_NO) values ('20220055','이승현',3.88,'F','06');
Insert into STUDENT (STD_NO,STD_NAME,STD_SCORE,STD_GENDER,MAJOR_NO) values ('20220056','강수민',3.09,'M','04');
Insert into STUDENT (STD_NO,STD_NAME,STD_SCORE,STD_GENDER,MAJOR_NO) values ('20220057','임하늘',0.79,'F','04');
Insert into STUDENT (STD_NO,STD_NAME,STD_SCORE,STD_GENDER,MAJOR_NO) values ('20220058','정도윤',0.48,'M','01');
Insert into STUDENT (STD_NO,STD_NAME,STD_SCORE,STD_GENDER,MAJOR_NO) values ('20220059','장지훈',1.02,'M','07');
Insert into STUDENT (STD_NO,STD_NAME,STD_SCORE,STD_GENDER,MAJOR_NO) values ('20220060','정채원',1.28,'F','01');
Insert into STUDENT (STD_NO,STD_NAME,STD_SCORE,STD_GENDER,MAJOR_NO) values ('20220061','최지민',1.46,'M','02');
Insert into STUDENT (STD_NO,STD_NAME,STD_SCORE,STD_GENDER,MAJOR_NO) values ('20220062','박서연',0.03,'F','06');
Insert into STUDENT (STD_NO,STD_NAME,STD_SCORE,STD_GENDER,MAJOR_NO) values ('20220063','이유진',3.51,'F','08');
Insert into STUDENT (STD_NO,STD_NAME,STD_SCORE,STD_GENDER,MAJOR_NO) values ('20220064','강서연',3.37,'F','06');
Insert into STUDENT (STD_NO,STD_NAME,STD_SCORE,STD_GENDER,MAJOR_NO) values ('20220065','윤혜진',2.4,'F','09');
Insert into STUDENT (STD_NO,STD_NAME,STD_SCORE,STD_GENDER,MAJOR_NO) values ('20220066','김유진',0.91,'M','09');
Insert into STUDENT (STD_NO,STD_NAME,STD_SCORE,STD_GENDER,MAJOR_NO) values ('20220067','윤나은',4.12,'F','07');
Insert into STUDENT (STD_NO,STD_NAME,STD_SCORE,STD_GENDER,MAJOR_NO) values ('20220068','강서연',4.21,'F','06');
Insert into STUDENT (STD_NO,STD_NAME,STD_SCORE,STD_GENDER,MAJOR_NO) values ('20220069','강하늘',3,'F','01');
Insert into STUDENT (STD_NO,STD_NAME,STD_SCORE,STD_GENDER,MAJOR_NO) values ('20220070','장혜진',1.82,'M','02');
Insert into STUDENT (STD_NO,STD_NAME,STD_SCORE,STD_GENDER,MAJOR_NO) values ('20220071','최수민',1.2,'M','10');
Insert into STUDENT (STD_NO,STD_NAME,STD_SCORE,STD_GENDER,MAJOR_NO) values ('20220072','조하늘',0.17,'M','10');
Insert into STUDENT (STD_NO,STD_NAME,STD_SCORE,STD_GENDER,MAJOR_NO) values ('20220073','강민수',3.79,'F','08');
Insert into STUDENT (STD_NO,STD_NAME,STD_SCORE,STD_GENDER,MAJOR_NO) values ('20220074','임준혁',2.84,'M','08');
Insert into STUDENT (STD_NO,STD_NAME,STD_SCORE,STD_GENDER,MAJOR_NO) values ('20220075','장지우',3.33,'F','04');
Insert into STUDENT (STD_NO,STD_NAME,STD_SCORE,STD_GENDER,MAJOR_NO) values ('20220076','조지민',1.61,'F','05');
Insert into STUDENT (STD_NO,STD_NAME,STD_SCORE,STD_GENDER,MAJOR_NO) values ('20220077','박지우',3.22,'M','01');
Insert into STUDENT (STD_NO,STD_NAME,STD_SCORE,STD_GENDER,MAJOR_NO) values ('20220078','정지원',3.68,'M','08');
Insert into STUDENT (STD_NO,STD_NAME,STD_SCORE,STD_GENDER,MAJOR_NO) values ('20220079','윤준혁',2.79,'M','03');
Insert into STUDENT (STD_NO,STD_NAME,STD_SCORE,STD_GENDER,MAJOR_NO) values ('20220080','윤서연',2.27,'F','06');
Insert into STUDENT (STD_NO,STD_NAME,STD_SCORE,STD_GENDER,MAJOR_NO) values ('20220081','강혜진',0.29,'M','04');
Insert into STUDENT (STD_NO,STD_NAME,STD_SCORE,STD_GENDER,MAJOR_NO) values ('20220082','장지민',0.95,'F','09');
Insert into STUDENT (STD_NO,STD_NAME,STD_SCORE,STD_GENDER,MAJOR_NO) values ('20220083','강승현',4.17,'M','07');
Insert into STUDENT (STD_NO,STD_NAME,STD_SCORE,STD_GENDER,MAJOR_NO) values ('20220084','강현우',4.46,'M','05');
Insert into STUDENT (STD_NO,STD_NAME,STD_SCORE,STD_GENDER,MAJOR_NO) values ('20220085','이유진',2.38,'M','05');
Insert into STUDENT (STD_NO,STD_NAME,STD_SCORE,STD_GENDER,MAJOR_NO) values ('20220086','김서윤',2.51,'F','01');
Insert into STUDENT (STD_NO,STD_NAME,STD_SCORE,STD_GENDER,MAJOR_NO) values ('20220087','조채원',2.06,'F','05');
Insert into STUDENT (STD_NO,STD_NAME,STD_SCORE,STD_GENDER,MAJOR_NO) values ('20220088','조서윤',2.6,'M','03');
Insert into STUDENT (STD_NO,STD_NAME,STD_SCORE,STD_GENDER,MAJOR_NO) values ('20220089','장서윤',4.48,'M','03');
Insert into STUDENT (STD_NO,STD_NAME,STD_SCORE,STD_GENDER,MAJOR_NO) values ('20220090','윤현수',3.86,'M','08');
Insert into STUDENT (STD_NO,STD_NAME,STD_SCORE,STD_GENDER,MAJOR_NO) values ('20220091','박유진',3.03,'M','02');
Insert into STUDENT (STD_NO,STD_NAME,STD_SCORE,STD_GENDER,MAJOR_NO) values ('20220092','이혜진',1.57,'F','06');
Insert into STUDENT (STD_NO,STD_NAME,STD_SCORE,STD_GENDER,MAJOR_NO) values ('20220093','정지우',1.55,'M','09');
Insert into STUDENT (STD_NO,STD_NAME,STD_SCORE,STD_GENDER,MAJOR_NO) values ('20220094','강혜진',3.69,'F','07');
Insert into STUDENT (STD_NO,STD_NAME,STD_SCORE,STD_GENDER,MAJOR_NO) values ('20220095','강지원',2.42,'F','03');
Insert into STUDENT (STD_NO,STD_NAME,STD_SCORE,STD_GENDER,MAJOR_NO) values ('20220096','조승현',4.32,'M','09');
Insert into STUDENT (STD_NO,STD_NAME,STD_SCORE,STD_GENDER,MAJOR_NO) values ('20220097','이지훈',2.66,'M','05');
Insert into STUDENT (STD_NO,STD_NAME,STD_SCORE,STD_GENDER,MAJOR_NO) values ('20220098','이채원',1.52,'F','03');
Insert into STUDENT (STD_NO,STD_NAME,STD_SCORE,STD_GENDER,MAJOR_NO) values ('20220099','조나은',1.92,'F','01');
Insert into STUDENT (STD_NO,STD_NAME,STD_SCORE,STD_GENDER,MAJOR_NO) values ('20230000','박도윤',0.22,'M','08');
Insert into STUDENT (STD_NO,STD_NAME,STD_SCORE,STD_GENDER,MAJOR_NO) values ('20230001','임도윤',1.08,'M','07');
Insert into STUDENT (STD_NO,STD_NAME,STD_SCORE,STD_GENDER,MAJOR_NO) values ('20230002','장지원',2.19,'M','07');
Insert into STUDENT (STD_NO,STD_NAME,STD_SCORE,STD_GENDER,MAJOR_NO) values ('20230003','박승현',2.58,'F','09');
Insert into STUDENT (STD_NO,STD_NAME,STD_SCORE,STD_GENDER,MAJOR_NO) values ('20230004','김승현',3.1,'M','04');
Insert into STUDENT (STD_NO,STD_NAME,STD_SCORE,STD_GENDER,MAJOR_NO) values ('20230005','김민수',2.4,'F','04');
Insert into STUDENT (STD_NO,STD_NAME,STD_SCORE,STD_GENDER,MAJOR_NO) values ('20230006','최준혁',1.69,'M','10');
Insert into STUDENT (STD_NO,STD_NAME,STD_SCORE,STD_GENDER,MAJOR_NO) values ('20230007','조나은',0.89,'M','06');
Insert into STUDENT (STD_NO,STD_NAME,STD_SCORE,STD_GENDER,MAJOR_NO) values ('20230008','조도윤',2.66,'M','06');
Insert into STUDENT (STD_NO,STD_NAME,STD_SCORE,STD_GENDER,MAJOR_NO) values ('20230009','조채원',3.75,'M','05');
Insert into STUDENT (STD_NO,STD_NAME,STD_SCORE,STD_GENDER,MAJOR_NO) values ('20230010','임현수',3.86,'M','09');
Insert into STUDENT (STD_NO,STD_NAME,STD_SCORE,STD_GENDER,MAJOR_NO) values ('20230011','이지우',1.72,'M','01');
Insert into STUDENT (STD_NO,STD_NAME,STD_SCORE,STD_GENDER,MAJOR_NO) values ('20230012','조지훈',0.68,'M','04');
Insert into STUDENT (STD_NO,STD_NAME,STD_SCORE,STD_GENDER,MAJOR_NO) values ('20230013','박수민',3.07,'F','08');
Insert into STUDENT (STD_NO,STD_NAME,STD_SCORE,STD_GENDER,MAJOR_NO) values ('20230014','이지우',3.36,'M','02');
Insert into STUDENT (STD_NO,STD_NAME,STD_SCORE,STD_GENDER,MAJOR_NO) values ('20230015','김지훈',0.85,'M','01');
Insert into STUDENT (STD_NO,STD_NAME,STD_SCORE,STD_GENDER,MAJOR_NO) values ('20230016','조유진',2.23,'F','02');
Insert into STUDENT (STD_NO,STD_NAME,STD_SCORE,STD_GENDER,MAJOR_NO) values ('20230017','강현수',0.36,'M','06');
Insert into STUDENT (STD_NO,STD_NAME,STD_SCORE,STD_GENDER,MAJOR_NO) values ('20230018','조수민',0.58,'M','03');
Insert into STUDENT (STD_NO,STD_NAME,STD_SCORE,STD_GENDER,MAJOR_NO) values ('20230019','장서연',3.12,'M','02');
Insert into STUDENT (STD_NO,STD_NAME,STD_SCORE,STD_GENDER,MAJOR_NO) values ('20230020','장현수',3.42,'M','04');
Insert into STUDENT (STD_NO,STD_NAME,STD_SCORE,STD_GENDER,MAJOR_NO) values ('20230021','김현우',2.1,'F','05');
Insert into STUDENT (STD_NO,STD_NAME,STD_SCORE,STD_GENDER,MAJOR_NO) values ('20230022','임혜진',3.16,'M','01');
Insert into STUDENT (STD_NO,STD_NAME,STD_SCORE,STD_GENDER,MAJOR_NO) values ('20230023','장수민',0.18,'M','04');
Insert into STUDENT (STD_NO,STD_NAME,STD_SCORE,STD_GENDER,MAJOR_NO) values ('20230024','강현수',3.45,'F','01');
Insert into STUDENT (STD_NO,STD_NAME,STD_SCORE,STD_GENDER,MAJOR_NO) values ('20230025','김승현',3.15,'F','10');
Insert into STUDENT (STD_NO,STD_NAME,STD_SCORE,STD_GENDER,MAJOR_NO) values ('20230026','장서연',2,'M','06');
Insert into STUDENT (STD_NO,STD_NAME,STD_SCORE,STD_GENDER,MAJOR_NO) values ('20230027','윤수민',1.3,'M','06');
Insert into STUDENT (STD_NO,STD_NAME,STD_SCORE,STD_GENDER,MAJOR_NO) values ('20230028','정지민',2.96,'F','09');
Insert into STUDENT (STD_NO,STD_NAME,STD_SCORE,STD_GENDER,MAJOR_NO) values ('20230029','강준혁',4.18,'F','07');
Insert into STUDENT (STD_NO,STD_NAME,STD_SCORE,STD_GENDER,MAJOR_NO) values ('20230030','이서윤',2.79,'M','08');
Insert into STUDENT (STD_NO,STD_NAME,STD_SCORE,STD_GENDER,MAJOR_NO) values ('20230031','조나은',3.23,'M','04');
Insert into STUDENT (STD_NO,STD_NAME,STD_SCORE,STD_GENDER,MAJOR_NO) values ('20230032','장도윤',4.5,'F','04');
Insert into STUDENT (STD_NO,STD_NAME,STD_SCORE,STD_GENDER,MAJOR_NO) values ('20230033','정채원',2.04,'F','01');
Insert into STUDENT (STD_NO,STD_NAME,STD_SCORE,STD_GENDER,MAJOR_NO) values ('20230034','정하늘',3.53,'M','07');
Insert into STUDENT (STD_NO,STD_NAME,STD_SCORE,STD_GENDER,MAJOR_NO) values ('20230035','최채원',0.44,'M','02');
Insert into STUDENT (STD_NO,STD_NAME,STD_SCORE,STD_GENDER,MAJOR_NO) values ('20230036','임승현',3.25,'F','10');
Insert into STUDENT (STD_NO,STD_NAME,STD_SCORE,STD_GENDER,MAJOR_NO) values ('20230037','김수민',4.22,'F','08');
Insert into STUDENT (STD_NO,STD_NAME,STD_SCORE,STD_GENDER,MAJOR_NO) values ('20230038','장유진',3.29,'F','09');
Insert into STUDENT (STD_NO,STD_NAME,STD_SCORE,STD_GENDER,MAJOR_NO) values ('20230039','박도윤',4.13,'M','08');
Insert into STUDENT (STD_NO,STD_NAME,STD_SCORE,STD_GENDER,MAJOR_NO) values ('20230040','강혜진',1.36,'F','06');
Insert into STUDENT (STD_NO,STD_NAME,STD_SCORE,STD_GENDER,MAJOR_NO) values ('20230041','정하늘',0.74,'F','10');
Insert into STUDENT (STD_NO,STD_NAME,STD_SCORE,STD_GENDER,MAJOR_NO) values ('20230042','정현우',3.95,'M','09');
Insert into STUDENT (STD_NO,STD_NAME,STD_SCORE,STD_GENDER,MAJOR_NO) values ('20230043','김준혁',1.75,'M','06');
Insert into STUDENT (STD_NO,STD_NAME,STD_SCORE,STD_GENDER,MAJOR_NO) values ('20230044','정지원',4.28,'F','10');
Insert into STUDENT (STD_NO,STD_NAME,STD_SCORE,STD_GENDER,MAJOR_NO) values ('20230045','최지우',4.49,'F','03');
Insert into STUDENT (STD_NO,STD_NAME,STD_SCORE,STD_GENDER,MAJOR_NO) values ('20230046','임유진',0.93,'M','07');
Insert into STUDENT (STD_NO,STD_NAME,STD_SCORE,STD_GENDER,MAJOR_NO) values ('20230047','조채원',3.36,'M','06');
Insert into STUDENT (STD_NO,STD_NAME,STD_SCORE,STD_GENDER,MAJOR_NO) values ('20230048','정하늘',2.96,'F','03');
Insert into STUDENT (STD_NO,STD_NAME,STD_SCORE,STD_GENDER,MAJOR_NO) values ('20230049','윤준혁',0.78,'F','04');
Insert into STUDENT (STD_NO,STD_NAME,STD_SCORE,STD_GENDER,MAJOR_NO) values ('20230050','임현수',0.02,'M','05');
Insert into STUDENT (STD_NO,STD_NAME,STD_SCORE,STD_GENDER,MAJOR_NO) values ('20230051','이도윤',1.88,'F','04');
Insert into STUDENT (STD_NO,STD_NAME,STD_SCORE,STD_GENDER,MAJOR_NO) values ('20230052','김유진',3.75,'F','06');
Insert into STUDENT (STD_NO,STD_NAME,STD_SCORE,STD_GENDER,MAJOR_NO) values ('20230053','박혜진',4.45,'M','08');
Insert into STUDENT (STD_NO,STD_NAME,STD_SCORE,STD_GENDER,MAJOR_NO) values ('20230054','김나은',4.27,'F','02');
Insert into STUDENT (STD_NO,STD_NAME,STD_SCORE,STD_GENDER,MAJOR_NO) values ('20230055','최준혁',2.26,'F','04');
Insert into STUDENT (STD_NO,STD_NAME,STD_SCORE,STD_GENDER,MAJOR_NO) values ('20230056','조혜진',3.42,'M','05');
Insert into STUDENT (STD_NO,STD_NAME,STD_SCORE,STD_GENDER,MAJOR_NO) values ('20230057','임지원',1.67,'M','02');
Insert into STUDENT (STD_NO,STD_NAME,STD_SCORE,STD_GENDER,MAJOR_NO) values ('20230058','장지원',2.81,'M','07');
Insert into STUDENT (STD_NO,STD_NAME,STD_SCORE,STD_GENDER,MAJOR_NO) values ('20230059','정서윤',0.24,'F','10');
Insert into STUDENT (STD_NO,STD_NAME,STD_SCORE,STD_GENDER,MAJOR_NO) values ('20230060','강나은',0.38,'F','10');
Insert into STUDENT (STD_NO,STD_NAME,STD_SCORE,STD_GENDER,MAJOR_NO) values ('20230061','박서연',3.64,'F','01');
Insert into STUDENT (STD_NO,STD_NAME,STD_SCORE,STD_GENDER,MAJOR_NO) values ('20230062','윤민수',0.44,'F','06');
Insert into STUDENT (STD_NO,STD_NAME,STD_SCORE,STD_GENDER,MAJOR_NO) values ('20230063','강도윤',2.76,'F','06');
Insert into STUDENT (STD_NO,STD_NAME,STD_SCORE,STD_GENDER,MAJOR_NO) values ('20230064','강승현',3.77,'F','09');
Insert into STUDENT (STD_NO,STD_NAME,STD_SCORE,STD_GENDER,MAJOR_NO) values ('20230065','강승현',4.06,'F','02');
Insert into STUDENT (STD_NO,STD_NAME,STD_SCORE,STD_GENDER,MAJOR_NO) values ('20230066','박수민',4.5,'M','02');
Insert into STUDENT (STD_NO,STD_NAME,STD_SCORE,STD_GENDER,MAJOR_NO) values ('20230067','임지훈',2.98,'M','01');
Insert into STUDENT (STD_NO,STD_NAME,STD_SCORE,STD_GENDER,MAJOR_NO) values ('20230068','박채원',4.41,'M','05');
Insert into STUDENT (STD_NO,STD_NAME,STD_SCORE,STD_GENDER,MAJOR_NO) values ('20230069','장현우',2.57,'F','07');
Insert into STUDENT (STD_NO,STD_NAME,STD_SCORE,STD_GENDER,MAJOR_NO) values ('20230070','김채원',3.02,'F','01');
Insert into STUDENT (STD_NO,STD_NAME,STD_SCORE,STD_GENDER,MAJOR_NO) values ('20230071','최지원',1.56,'M','09');
Insert into STUDENT (STD_NO,STD_NAME,STD_SCORE,STD_GENDER,MAJOR_NO) values ('20230072','박지민',2.99,'M','05');
Insert into STUDENT (STD_NO,STD_NAME,STD_SCORE,STD_GENDER,MAJOR_NO) values ('20230073','강유진',2.42,'M','04');
Insert into STUDENT (STD_NO,STD_NAME,STD_SCORE,STD_GENDER,MAJOR_NO) values ('20230074','강지원',1.48,'F','03');
Insert into STUDENT (STD_NO,STD_NAME,STD_SCORE,STD_GENDER,MAJOR_NO) values ('20230075','임지원',2.74,'M','03');
Insert into STUDENT (STD_NO,STD_NAME,STD_SCORE,STD_GENDER,MAJOR_NO) values ('20230076','임유진',1.03,'F','07');
Insert into STUDENT (STD_NO,STD_NAME,STD_SCORE,STD_GENDER,MAJOR_NO) values ('20230077','조혜진',1.53,'M','04');
Insert into STUDENT (STD_NO,STD_NAME,STD_SCORE,STD_GENDER,MAJOR_NO) values ('20230078','임혜진',2.45,'M','01');
Insert into STUDENT (STD_NO,STD_NAME,STD_SCORE,STD_GENDER,MAJOR_NO) values ('20230079','조준혁',2.86,'F','01');
Insert into STUDENT (STD_NO,STD_NAME,STD_SCORE,STD_GENDER,MAJOR_NO) values ('20230080','박수민',0.87,'F','03');
Insert into STUDENT (STD_NO,STD_NAME,STD_SCORE,STD_GENDER,MAJOR_NO) values ('20230081','박지원',0.6,'F','02');
Insert into STUDENT (STD_NO,STD_NAME,STD_SCORE,STD_GENDER,MAJOR_NO) values ('20230082','장지원',1.94,'M','08');
Insert into STUDENT (STD_NO,STD_NAME,STD_SCORE,STD_GENDER,MAJOR_NO) values ('20230083','조준혁',0.54,'F','07');
Insert into STUDENT (STD_NO,STD_NAME,STD_SCORE,STD_GENDER,MAJOR_NO) values ('20230084','김혜진',0.15,'F','05');
Insert into STUDENT (STD_NO,STD_NAME,STD_SCORE,STD_GENDER,MAJOR_NO) values ('20230085','이민수',0.52,'F','03');
Insert into STUDENT (STD_NO,STD_NAME,STD_SCORE,STD_GENDER,MAJOR_NO) values ('20230086','장지민',2.02,'F','03');
Insert into STUDENT (STD_NO,STD_NAME,STD_SCORE,STD_GENDER,MAJOR_NO) values ('20230087','이현수',2.79,'M','10');
Insert into STUDENT (STD_NO,STD_NAME,STD_SCORE,STD_GENDER,MAJOR_NO) values ('20230088','박지원',0.55,'F','09');
Insert into STUDENT (STD_NO,STD_NAME,STD_SCORE,STD_GENDER,MAJOR_NO) values ('20230089','조서연',2.68,'F','03');
Insert into STUDENT (STD_NO,STD_NAME,STD_SCORE,STD_GENDER,MAJOR_NO) values ('20230090','장지우',4.4,'F','10');
Insert into STUDENT (STD_NO,STD_NAME,STD_SCORE,STD_GENDER,MAJOR_NO) values ('20230091','김하늘',3.72,'M','02');
Insert into STUDENT (STD_NO,STD_NAME,STD_SCORE,STD_GENDER,MAJOR_NO) values ('20230092','장준혁',0.01,'F','08');
Insert into STUDENT (STD_NO,STD_NAME,STD_SCORE,STD_GENDER,MAJOR_NO) values ('20230093','임현우',1.33,'M','02');
Insert into STUDENT (STD_NO,STD_NAME,STD_SCORE,STD_GENDER,MAJOR_NO) values ('20230094','최수민',4.25,'F','05');
Insert into STUDENT (STD_NO,STD_NAME,STD_SCORE,STD_GENDER,MAJOR_NO) values ('20230095','최서연',4.26,'F','05');
Insert into STUDENT (STD_NO,STD_NAME,STD_SCORE,STD_GENDER,MAJOR_NO) values ('20230096','조채원',3.47,'M','01');
Insert into STUDENT (STD_NO,STD_NAME,STD_SCORE,STD_GENDER,MAJOR_NO) values ('20230097','이지원',3.56,'F','02');
Insert into STUDENT (STD_NO,STD_NAME,STD_SCORE,STD_GENDER,MAJOR_NO) values ('20230098','박나은',0.32,'M','09');
Insert into STUDENT (STD_NO,STD_NAME,STD_SCORE,STD_GENDER,MAJOR_NO) values ('20230099','장하늘',1.76,'M','04');
Insert into STUDENT (STD_NO,STD_NAME,STD_SCORE,STD_GENDER,MAJOR_NO) values ('20240000','이유진',1.16,'M','04');
Insert into STUDENT (STD_NO,STD_NAME,STD_SCORE,STD_GENDER,MAJOR_NO) values ('20240001','윤현우',3.18,'F','02');
Insert into STUDENT (STD_NO,STD_NAME,STD_SCORE,STD_GENDER,MAJOR_NO) values ('20240002','김민수',2.76,'F','02');
Insert into STUDENT (STD_NO,STD_NAME,STD_SCORE,STD_GENDER,MAJOR_NO) values ('20240003','조승현',3.86,'M','04');
Insert into STUDENT (STD_NO,STD_NAME,STD_SCORE,STD_GENDER,MAJOR_NO) values ('20240004','김현우',0.31,'M','03');
Insert into STUDENT (STD_NO,STD_NAME,STD_SCORE,STD_GENDER,MAJOR_NO) values ('20240005','이승현',3.26,'F','04');
Insert into STUDENT (STD_NO,STD_NAME,STD_SCORE,STD_GENDER,MAJOR_NO) values ('20240006','김서연',3.18,'M','07');
Insert into STUDENT (STD_NO,STD_NAME,STD_SCORE,STD_GENDER,MAJOR_NO) values ('20240007','정나은',1.63,'M','05');
Insert into STUDENT (STD_NO,STD_NAME,STD_SCORE,STD_GENDER,MAJOR_NO) values ('20240008','이서윤',4.02,'M','01');
Insert into STUDENT (STD_NO,STD_NAME,STD_SCORE,STD_GENDER,MAJOR_NO) values ('20240009','최하늘',0.88,'F','04');
Insert into STUDENT (STD_NO,STD_NAME,STD_SCORE,STD_GENDER,MAJOR_NO) values ('20240010','박도윤',0.05,'F','02');
Insert into STUDENT (STD_NO,STD_NAME,STD_SCORE,STD_GENDER,MAJOR_NO) values ('20240011','조지민',2.41,'F','01');
Insert into STUDENT (STD_NO,STD_NAME,STD_SCORE,STD_GENDER,MAJOR_NO) values ('20240012','최지우',1.5,'F','09');
Insert into STUDENT (STD_NO,STD_NAME,STD_SCORE,STD_GENDER,MAJOR_NO) values ('20240013','임지훈',3.02,'M','02');
Insert into STUDENT (STD_NO,STD_NAME,STD_SCORE,STD_GENDER,MAJOR_NO) values ('20240014','조나은',4.08,'F','04');
Insert into STUDENT (STD_NO,STD_NAME,STD_SCORE,STD_GENDER,MAJOR_NO) values ('20240015','강지훈',2.96,'F','08');
Insert into STUDENT (STD_NO,STD_NAME,STD_SCORE,STD_GENDER,MAJOR_NO) values ('20240016','장나은',1.14,'F','06');
Insert into STUDENT (STD_NO,STD_NAME,STD_SCORE,STD_GENDER,MAJOR_NO) values ('20240017','윤혜진',4.07,'M','06');
Insert into STUDENT (STD_NO,STD_NAME,STD_SCORE,STD_GENDER,MAJOR_NO) values ('20240018','박현수',3.47,'M','07');
Insert into STUDENT (STD_NO,STD_NAME,STD_SCORE,STD_GENDER,MAJOR_NO) values ('20240019','강하늘',1.07,'F','07');
Insert into STUDENT (STD_NO,STD_NAME,STD_SCORE,STD_GENDER,MAJOR_NO) values ('20240020','최지민',0.84,'M','01');
Insert into STUDENT (STD_NO,STD_NAME,STD_SCORE,STD_GENDER,MAJOR_NO) values ('20240021','장혜진',2.36,'F','07');
Insert into STUDENT (STD_NO,STD_NAME,STD_SCORE,STD_GENDER,MAJOR_NO) values ('20240022','최현우',1.74,'M','10');
Insert into STUDENT (STD_NO,STD_NAME,STD_SCORE,STD_GENDER,MAJOR_NO) values ('20240023','정나은',1.08,'F','03');
Insert into STUDENT (STD_NO,STD_NAME,STD_SCORE,STD_GENDER,MAJOR_NO) values ('20240024','윤준혁',0.44,'M','08');
Insert into STUDENT (STD_NO,STD_NAME,STD_SCORE,STD_GENDER,MAJOR_NO) values ('20240025','윤현수',0.26,'F','10');
Insert into STUDENT (STD_NO,STD_NAME,STD_SCORE,STD_GENDER,MAJOR_NO) values ('20240026','박서연',2.98,'M','03');
Insert into STUDENT (STD_NO,STD_NAME,STD_SCORE,STD_GENDER,MAJOR_NO) values ('20240027','임수민',3.79,'M','05');
Insert into STUDENT (STD_NO,STD_NAME,STD_SCORE,STD_GENDER,MAJOR_NO) values ('20240028','정서윤',3.89,'M','03');
Insert into STUDENT (STD_NO,STD_NAME,STD_SCORE,STD_GENDER,MAJOR_NO) values ('20240029','이현우',4.05,'F','01');
Insert into STUDENT (STD_NO,STD_NAME,STD_SCORE,STD_GENDER,MAJOR_NO) values ('20240030','강지원',1.99,'M','08');
Insert into STUDENT (STD_NO,STD_NAME,STD_SCORE,STD_GENDER,MAJOR_NO) values ('20240031','박나은',1.09,'F','10');
Insert into STUDENT (STD_NO,STD_NAME,STD_SCORE,STD_GENDER,MAJOR_NO) values ('20240032','박혜진',3.81,'M','09');
Insert into STUDENT (STD_NO,STD_NAME,STD_SCORE,STD_GENDER,MAJOR_NO) values ('20240033','김지훈',2.71,'F','10');
Insert into STUDENT (STD_NO,STD_NAME,STD_SCORE,STD_GENDER,MAJOR_NO) values ('20240034','이유진',0.19,'F','03');
Insert into STUDENT (STD_NO,STD_NAME,STD_SCORE,STD_GENDER,MAJOR_NO) values ('20240035','장현수',0.51,'M','05');
Insert into STUDENT (STD_NO,STD_NAME,STD_SCORE,STD_GENDER,MAJOR_NO) values ('20240036','최현우',4.07,'M','09');
Insert into STUDENT (STD_NO,STD_NAME,STD_SCORE,STD_GENDER,MAJOR_NO) values ('20240037','김하늘',1.73,'M','01');
Insert into STUDENT (STD_NO,STD_NAME,STD_SCORE,STD_GENDER,MAJOR_NO) values ('20240038','장수민',0.38,'M','10');
Insert into STUDENT (STD_NO,STD_NAME,STD_SCORE,STD_GENDER,MAJOR_NO) values ('20240039','정유진',3.77,'M','10');
Insert into STUDENT (STD_NO,STD_NAME,STD_SCORE,STD_GENDER,MAJOR_NO) values ('20240040','박지우',3.8,'M','06');
Insert into STUDENT (STD_NO,STD_NAME,STD_SCORE,STD_GENDER,MAJOR_NO) values ('20240041','임현우',4.11,'M','09');
Insert into STUDENT (STD_NO,STD_NAME,STD_SCORE,STD_GENDER,MAJOR_NO) values ('20240042','임현우',2.68,'F','07');
Insert into STUDENT (STD_NO,STD_NAME,STD_SCORE,STD_GENDER,MAJOR_NO) values ('20240043','김현우',3.36,'F','04');
Insert into STUDENT (STD_NO,STD_NAME,STD_SCORE,STD_GENDER,MAJOR_NO) values ('20240044','박서윤',1.34,'F','08');
Insert into STUDENT (STD_NO,STD_NAME,STD_SCORE,STD_GENDER,MAJOR_NO) values ('20240045','윤하늘',3.33,'F','06');
Insert into STUDENT (STD_NO,STD_NAME,STD_SCORE,STD_GENDER,MAJOR_NO) values ('20240046','조채원',2.68,'M','10');
Insert into STUDENT (STD_NO,STD_NAME,STD_SCORE,STD_GENDER,MAJOR_NO) values ('20240047','조나은',3.82,'M','10');
Insert into STUDENT (STD_NO,STD_NAME,STD_SCORE,STD_GENDER,MAJOR_NO) values ('20240048','김지원',0.3,'M','02');
Insert into STUDENT (STD_NO,STD_NAME,STD_SCORE,STD_GENDER,MAJOR_NO) values ('20240049','조승현',0.76,'M','02');
Insert into STUDENT (STD_NO,STD_NAME,STD_SCORE,STD_GENDER,MAJOR_NO) values ('20240050','김민수',4.06,'M','08');
Insert into STUDENT (STD_NO,STD_NAME,STD_SCORE,STD_GENDER,MAJOR_NO) values ('20240051','이지훈',2.32,'F','06');
Insert into STUDENT (STD_NO,STD_NAME,STD_SCORE,STD_GENDER,MAJOR_NO) values ('20240052','정준혁',2.21,'F','01');
Insert into STUDENT (STD_NO,STD_NAME,STD_SCORE,STD_GENDER,MAJOR_NO) values ('20240053','조현우',2.1,'M','08');
Insert into STUDENT (STD_NO,STD_NAME,STD_SCORE,STD_GENDER,MAJOR_NO) values ('20240054','임현우',0.85,'F','06');
Insert into STUDENT (STD_NO,STD_NAME,STD_SCORE,STD_GENDER,MAJOR_NO) values ('20240055','강승현',0.1,'M','01');
Insert into STUDENT (STD_NO,STD_NAME,STD_SCORE,STD_GENDER,MAJOR_NO) values ('20240056','김채원',0.53,'M','08');
Insert into STUDENT (STD_NO,STD_NAME,STD_SCORE,STD_GENDER,MAJOR_NO) values ('20240057','박혜진',2.61,'F','03');
Insert into STUDENT (STD_NO,STD_NAME,STD_SCORE,STD_GENDER,MAJOR_NO) values ('20240058','박채원',3.05,'M','10');
Insert into STUDENT (STD_NO,STD_NAME,STD_SCORE,STD_GENDER,MAJOR_NO) values ('20240059','이지우',0.24,'F','03');
Insert into STUDENT (STD_NO,STD_NAME,STD_SCORE,STD_GENDER,MAJOR_NO) values ('20240060','임채원',0.74,'M','02');
Insert into STUDENT (STD_NO,STD_NAME,STD_SCORE,STD_GENDER,MAJOR_NO) values ('20240061','이현수',1.93,'M','06');
Insert into STUDENT (STD_NO,STD_NAME,STD_SCORE,STD_GENDER,MAJOR_NO) values ('20240062','김하늘',4.23,'M','05');
Insert into STUDENT (STD_NO,STD_NAME,STD_SCORE,STD_GENDER,MAJOR_NO) values ('20240063','조민수',1.52,'M','03');
Insert into STUDENT (STD_NO,STD_NAME,STD_SCORE,STD_GENDER,MAJOR_NO) values ('20240064','이서연',3.07,'F','10');
Insert into STUDENT (STD_NO,STD_NAME,STD_SCORE,STD_GENDER,MAJOR_NO) values ('20240065','박수민',0.18,'F','05');
Insert into STUDENT (STD_NO,STD_NAME,STD_SCORE,STD_GENDER,MAJOR_NO) values ('20240066','장유진',1.43,'M','10');
Insert into STUDENT (STD_NO,STD_NAME,STD_SCORE,STD_GENDER,MAJOR_NO) values ('20240067','최현우',0.89,'M','08');
Insert into STUDENT (STD_NO,STD_NAME,STD_SCORE,STD_GENDER,MAJOR_NO) values ('20240068','조승현',3.78,'M','01');
Insert into STUDENT (STD_NO,STD_NAME,STD_SCORE,STD_GENDER,MAJOR_NO) values ('20240069','강유진',2.72,'M','05');
Insert into STUDENT (STD_NO,STD_NAME,STD_SCORE,STD_GENDER,MAJOR_NO) values ('20240070','박준혁',2.47,'F','10');
Insert into STUDENT (STD_NO,STD_NAME,STD_SCORE,STD_GENDER,MAJOR_NO) values ('20240071','김민수',0.46,'M','07');
Insert into STUDENT (STD_NO,STD_NAME,STD_SCORE,STD_GENDER,MAJOR_NO) values ('20240072','임채원',0.55,'M','02');
Insert into STUDENT (STD_NO,STD_NAME,STD_SCORE,STD_GENDER,MAJOR_NO) values ('20240073','장현수',0.51,'M','08');
Insert into STUDENT (STD_NO,STD_NAME,STD_SCORE,STD_GENDER,MAJOR_NO) values ('20240074','최수민',3.97,'M','06');
Insert into STUDENT (STD_NO,STD_NAME,STD_SCORE,STD_GENDER,MAJOR_NO) values ('20240075','정현수',4.19,'F','04');
Insert into STUDENT (STD_NO,STD_NAME,STD_SCORE,STD_GENDER,MAJOR_NO) values ('20240076','임지훈',1.96,'M','05');
Insert into STUDENT (STD_NO,STD_NAME,STD_SCORE,STD_GENDER,MAJOR_NO) values ('20240077','정현우',0.33,'M','06');
Insert into STUDENT (STD_NO,STD_NAME,STD_SCORE,STD_GENDER,MAJOR_NO) values ('20240078','임서윤',1.05,'M','08');
Insert into STUDENT (STD_NO,STD_NAME,STD_SCORE,STD_GENDER,MAJOR_NO) values ('20240079','조지민',2.16,'F','10');
Insert into STUDENT (STD_NO,STD_NAME,STD_SCORE,STD_GENDER,MAJOR_NO) values ('20240080','이수민',3.01,'F','04');
Insert into STUDENT (STD_NO,STD_NAME,STD_SCORE,STD_GENDER,MAJOR_NO) values ('20240081','강나은',2.55,'F','04');
Insert into STUDENT (STD_NO,STD_NAME,STD_SCORE,STD_GENDER,MAJOR_NO) values ('20240082','임채원',1.66,'M','07');
Insert into STUDENT (STD_NO,STD_NAME,STD_SCORE,STD_GENDER,MAJOR_NO) values ('20240083','김혜진',1.94,'F','02');
Insert into STUDENT (STD_NO,STD_NAME,STD_SCORE,STD_GENDER,MAJOR_NO) values ('20240084','강채원',0.21,'M','09');
Insert into STUDENT (STD_NO,STD_NAME,STD_SCORE,STD_GENDER,MAJOR_NO) values ('20240085','최지훈',4.3,'M','04');
Insert into STUDENT (STD_NO,STD_NAME,STD_SCORE,STD_GENDER,MAJOR_NO) values ('20240086','조민수',0.39,'M','06');
Insert into STUDENT (STD_NO,STD_NAME,STD_SCORE,STD_GENDER,MAJOR_NO) values ('20240087','정나은',2.15,'M','10');
Insert into STUDENT (STD_NO,STD_NAME,STD_SCORE,STD_GENDER,MAJOR_NO) values ('20240088','윤지원',3.83,'F','05');
Insert into STUDENT (STD_NO,STD_NAME,STD_SCORE,STD_GENDER,MAJOR_NO) values ('20240089','장현수',0.81,'M','04');
Insert into STUDENT (STD_NO,STD_NAME,STD_SCORE,STD_GENDER,MAJOR_NO) values ('20240090','장도윤',0.65,'M','03');
Insert into STUDENT (STD_NO,STD_NAME,STD_SCORE,STD_GENDER,MAJOR_NO) values ('20240091','강도윤',3.97,'M','09');
Insert into STUDENT (STD_NO,STD_NAME,STD_SCORE,STD_GENDER,MAJOR_NO) values ('20240092','윤준혁',1.48,'F','02');
Insert into STUDENT (STD_NO,STD_NAME,STD_SCORE,STD_GENDER,MAJOR_NO) values ('20240093','이승현',2.67,'F','04');
Insert into STUDENT (STD_NO,STD_NAME,STD_SCORE,STD_GENDER,MAJOR_NO) values ('20240094','강하늘',3.04,'F','03');
Insert into STUDENT (STD_NO,STD_NAME,STD_SCORE,STD_GENDER,MAJOR_NO) values ('20240095','조수민',1.91,'M','05');
Insert into STUDENT (STD_NO,STD_NAME,STD_SCORE,STD_GENDER,MAJOR_NO) values ('20240096','강서윤',2.68,'M','02');
Insert into STUDENT (STD_NO,STD_NAME,STD_SCORE,STD_GENDER,MAJOR_NO) values ('20240097','정지훈',2.26,'M','09');
Insert into STUDENT (STD_NO,STD_NAME,STD_SCORE,STD_GENDER,MAJOR_NO) values ('20240098','강혜진',3.69,'M','03');
Insert into STUDENT (STD_NO,STD_NAME,STD_SCORE,STD_GENDER,MAJOR_NO) values ('20240099','최혜진',3.87,'M','01');
Insert into STUDENT (STD_NO,STD_NAME,STD_SCORE,STD_GENDER,MAJOR_NO) values ('20200000','윤승현',1.39,'M','09');
Insert into STUDENT (STD_NO,STD_NAME,STD_SCORE,STD_GENDER,MAJOR_NO) values ('20200001','강현우',1.46,'M','08');
Insert into STUDENT (STD_NO,STD_NAME,STD_SCORE,STD_GENDER,MAJOR_NO) values ('20200002','이서연',0.2,'M','03');
Insert into STUDENT (STD_NO,STD_NAME,STD_SCORE,STD_GENDER,MAJOR_NO) values ('20200003','이현우',0.86,'F','10');
Insert into STUDENT (STD_NO,STD_NAME,STD_SCORE,STD_GENDER,MAJOR_NO) values ('20200004','임서윤',0.24,'M','05');
Insert into STUDENT (STD_NO,STD_NAME,STD_SCORE,STD_GENDER,MAJOR_NO) values ('20200005','윤서윤',4.44,'M','09');
Insert into STUDENT (STD_NO,STD_NAME,STD_SCORE,STD_GENDER,MAJOR_NO) values ('20200006','장채원',1.41,'M','07');
Insert into STUDENT (STD_NO,STD_NAME,STD_SCORE,STD_GENDER,MAJOR_NO) values ('20200007','최승현',3.3,'M','08');
Insert into STUDENT (STD_NO,STD_NAME,STD_SCORE,STD_GENDER,MAJOR_NO) values ('20200008','강수민',0.7,'F','06');
Insert into STUDENT (STD_NO,STD_NAME,STD_SCORE,STD_GENDER,MAJOR_NO) values ('20200009','박민수',1.36,'M','10');
Insert into STUDENT (STD_NO,STD_NAME,STD_SCORE,STD_GENDER,MAJOR_NO) values ('20200010','임서윤',1.42,'F','09');
Insert into STUDENT (STD_NO,STD_NAME,STD_SCORE,STD_GENDER,MAJOR_NO) values ('20200011','임현우',2.89,'M','09');
Insert into STUDENT (STD_NO,STD_NAME,STD_SCORE,STD_GENDER,MAJOR_NO) values ('20200012','김하늘',4.25,'M','08');
Insert into STUDENT (STD_NO,STD_NAME,STD_SCORE,STD_GENDER,MAJOR_NO) values ('20200013','윤서연',2.98,'F','06');
Insert into STUDENT (STD_NO,STD_NAME,STD_SCORE,STD_GENDER,MAJOR_NO) values ('20200014','조혜진',0.13,'F','01');
Insert into STUDENT (STD_NO,STD_NAME,STD_SCORE,STD_GENDER,MAJOR_NO) values ('20200015','최지우',2.8,'F','06');
Insert into STUDENT (STD_NO,STD_NAME,STD_SCORE,STD_GENDER,MAJOR_NO) values ('20200016','윤현수',4.09,'M','04');
Insert into STUDENT (STD_NO,STD_NAME,STD_SCORE,STD_GENDER,MAJOR_NO) values ('20200017','강서윤',1.95,'F','05');
Insert into STUDENT (STD_NO,STD_NAME,STD_SCORE,STD_GENDER,MAJOR_NO) values ('20200018','강현수',2.06,'F','09');
Insert into STUDENT (STD_NO,STD_NAME,STD_SCORE,STD_GENDER,MAJOR_NO) values ('20200019','임하늘',0.71,'F','04');
Insert into STUDENT (STD_NO,STD_NAME,STD_SCORE,STD_GENDER,MAJOR_NO) values ('20200020','김민수',2.3,'F','05');
Insert into STUDENT (STD_NO,STD_NAME,STD_SCORE,STD_GENDER,MAJOR_NO) values ('20200021','조지훈',4.28,'F','06');
Insert into STUDENT (STD_NO,STD_NAME,STD_SCORE,STD_GENDER,MAJOR_NO) values ('20200022','최하늘',3.39,'F','07');
Insert into STUDENT (STD_NO,STD_NAME,STD_SCORE,STD_GENDER,MAJOR_NO) values ('20200023','장지훈',0.05,'M','07');
Insert into STUDENT (STD_NO,STD_NAME,STD_SCORE,STD_GENDER,MAJOR_NO) values ('20200024','정민수',2.79,'F','07');
Insert into STUDENT (STD_NO,STD_NAME,STD_SCORE,STD_GENDER,MAJOR_NO) values ('20200025','이하늘',3.22,'M','10');
Insert into STUDENT (STD_NO,STD_NAME,STD_SCORE,STD_GENDER,MAJOR_NO) values ('20200026','최도윤',4.36,'F','03');
Insert into STUDENT (STD_NO,STD_NAME,STD_SCORE,STD_GENDER,MAJOR_NO) values ('20200027','최지원',0.17,'F','01');
Insert into STUDENT (STD_NO,STD_NAME,STD_SCORE,STD_GENDER,MAJOR_NO) values ('20200028','윤현우',2.04,'M','10');
Insert into STUDENT (STD_NO,STD_NAME,STD_SCORE,STD_GENDER,MAJOR_NO) values ('20200029','김민수',0.53,'F','04');
Insert into STUDENT (STD_NO,STD_NAME,STD_SCORE,STD_GENDER,MAJOR_NO) values ('20200030','정도윤',3.99,'F','01');
Insert into STUDENT (STD_NO,STD_NAME,STD_SCORE,STD_GENDER,MAJOR_NO) values ('20200031','장서윤',1.89,'M','05');
Insert into STUDENT (STD_NO,STD_NAME,STD_SCORE,STD_GENDER,MAJOR_NO) values ('20200032','이서윤',4.34,'M','05');
Insert into STUDENT (STD_NO,STD_NAME,STD_SCORE,STD_GENDER,MAJOR_NO) values ('20200033','정민수',1.68,'F','03');
Insert into STUDENT (STD_NO,STD_NAME,STD_SCORE,STD_GENDER,MAJOR_NO) values ('20200034','김나은',1.58,'M','09');
Insert into STUDENT (STD_NO,STD_NAME,STD_SCORE,STD_GENDER,MAJOR_NO) values ('20200035','장혜진',0.2,'F','05');
Insert into STUDENT (STD_NO,STD_NAME,STD_SCORE,STD_GENDER,MAJOR_NO) values ('20200036','윤서윤',4.15,'M','04');
Insert into STUDENT (STD_NO,STD_NAME,STD_SCORE,STD_GENDER,MAJOR_NO) values ('20200037','강하늘',0.65,'F','05');
Insert into STUDENT (STD_NO,STD_NAME,STD_SCORE,STD_GENDER,MAJOR_NO) values ('20200038','김지민',0.63,'F','01');
Insert into STUDENT (STD_NO,STD_NAME,STD_SCORE,STD_GENDER,MAJOR_NO) values ('20200039','장민수',3.58,'M','02');
Insert into STUDENT (STD_NO,STD_NAME,STD_SCORE,STD_GENDER,MAJOR_NO) values ('20200040','이서윤',2.01,'M','10');
Insert into STUDENT (STD_NO,STD_NAME,STD_SCORE,STD_GENDER,MAJOR_NO) values ('20200041','최지훈',0.31,'M','02');
Insert into STUDENT (STD_NO,STD_NAME,STD_SCORE,STD_GENDER,MAJOR_NO) values ('20200042','조서윤',0.06,'F','08');
Insert into STUDENT (STD_NO,STD_NAME,STD_SCORE,STD_GENDER,MAJOR_NO) values ('20200043','박민수',2.63,'M','01');
Insert into STUDENT (STD_NO,STD_NAME,STD_SCORE,STD_GENDER,MAJOR_NO) values ('20200044','조현우',2.94,'M','05');
Insert into STUDENT (STD_NO,STD_NAME,STD_SCORE,STD_GENDER,MAJOR_NO) values ('20200045','김준혁',0.57,'F','06');
Insert into STUDENT (STD_NO,STD_NAME,STD_SCORE,STD_GENDER,MAJOR_NO) values ('20200046','임지원',3.44,'F','07');
Insert into STUDENT (STD_NO,STD_NAME,STD_SCORE,STD_GENDER,MAJOR_NO) values ('20200047','박나은',1.31,'M','07');
Insert into STUDENT (STD_NO,STD_NAME,STD_SCORE,STD_GENDER,MAJOR_NO) values ('20200048','장수민',3.91,'M','09');
Insert into STUDENT (STD_NO,STD_NAME,STD_SCORE,STD_GENDER,MAJOR_NO) values ('20200049','이채원',4.08,'M','10');
Insert into STUDENT (STD_NO,STD_NAME,STD_SCORE,STD_GENDER,MAJOR_NO) values ('20200050','이수민',0.99,'F','09');
Insert into STUDENT (STD_NO,STD_NAME,STD_SCORE,STD_GENDER,MAJOR_NO) values ('20200051','정혜진',1.83,'M','03');
Insert into STUDENT (STD_NO,STD_NAME,STD_SCORE,STD_GENDER,MAJOR_NO) values ('20200052','강민수',3.2,'M','05');
Insert into STUDENT (STD_NO,STD_NAME,STD_SCORE,STD_GENDER,MAJOR_NO) values ('20200053','임도윤',4.28,'F','01');
Insert into STUDENT (STD_NO,STD_NAME,STD_SCORE,STD_GENDER,MAJOR_NO) values ('20200054','이나은',2.67,'F','05');
Insert into STUDENT (STD_NO,STD_NAME,STD_SCORE,STD_GENDER,MAJOR_NO) values ('20200055','조민수',2.19,'M','10');
Insert into STUDENT (STD_NO,STD_NAME,STD_SCORE,STD_GENDER,MAJOR_NO) values ('20200056','조서윤',2.57,'M','03');
Insert into STUDENT (STD_NO,STD_NAME,STD_SCORE,STD_GENDER,MAJOR_NO) values ('20200057','장나은',3.96,'M','05');
Insert into STUDENT (STD_NO,STD_NAME,STD_SCORE,STD_GENDER,MAJOR_NO) values ('20200058','장유진',3.17,'M','01');
Insert into STUDENT (STD_NO,STD_NAME,STD_SCORE,STD_GENDER,MAJOR_NO) values ('20200059','윤혜진',0.82,'M','08');
Insert into STUDENT (STD_NO,STD_NAME,STD_SCORE,STD_GENDER,MAJOR_NO) values ('20200060','조서연',3.44,'F','10');
Insert into STUDENT (STD_NO,STD_NAME,STD_SCORE,STD_GENDER,MAJOR_NO) values ('20200061','김하늘',3.61,'M','06');
Insert into STUDENT (STD_NO,STD_NAME,STD_SCORE,STD_GENDER,MAJOR_NO) values ('20200062','이유진',3.62,'M','05');
Insert into STUDENT (STD_NO,STD_NAME,STD_SCORE,STD_GENDER,MAJOR_NO) values ('20200063','박도윤',1.23,'M','02');
Insert into STUDENT (STD_NO,STD_NAME,STD_SCORE,STD_GENDER,MAJOR_NO) values ('20200064','윤민수',2.75,'F','10');
Insert into STUDENT (STD_NO,STD_NAME,STD_SCORE,STD_GENDER,MAJOR_NO) values ('20200065','이혜진',3.5,'F','10');
Insert into STUDENT (STD_NO,STD_NAME,STD_SCORE,STD_GENDER,MAJOR_NO) values ('20200066','조지민',1.15,'F','04');
Insert into STUDENT (STD_NO,STD_NAME,STD_SCORE,STD_GENDER,MAJOR_NO) values ('20200067','최유진',4.29,'M','05');
Insert into STUDENT (STD_NO,STD_NAME,STD_SCORE,STD_GENDER,MAJOR_NO) values ('20200068','강나은',1.83,'F','04');
Insert into STUDENT (STD_NO,STD_NAME,STD_SCORE,STD_GENDER,MAJOR_NO) values ('20200069','이하늘',1.06,'F','03');
Insert into STUDENT (STD_NO,STD_NAME,STD_SCORE,STD_GENDER,MAJOR_NO) values ('20200070','장지우',4.42,'F','04');
Insert into STUDENT (STD_NO,STD_NAME,STD_SCORE,STD_GENDER,MAJOR_NO) values ('20200071','장현수',1.5,'F','09');
Insert into STUDENT (STD_NO,STD_NAME,STD_SCORE,STD_GENDER,MAJOR_NO) values ('20200072','임승현',2.37,'F','03');
Insert into STUDENT (STD_NO,STD_NAME,STD_SCORE,STD_GENDER,MAJOR_NO) values ('20200073','임도윤',4.45,'M','03');
Insert into STUDENT (STD_NO,STD_NAME,STD_SCORE,STD_GENDER,MAJOR_NO) values ('20200074','조혜진',3.84,'M','03');
Insert into STUDENT (STD_NO,STD_NAME,STD_SCORE,STD_GENDER,MAJOR_NO) values ('20200075','임혜진',4.22,'M','03');
Insert into STUDENT (STD_NO,STD_NAME,STD_SCORE,STD_GENDER,MAJOR_NO) values ('20200076','강준혁',0.15,'M','08');
Insert into STUDENT (STD_NO,STD_NAME,STD_SCORE,STD_GENDER,MAJOR_NO) values ('20200077','최준혁',1.31,'F','08');
Insert into STUDENT (STD_NO,STD_NAME,STD_SCORE,STD_GENDER,MAJOR_NO) values ('20200078','장민수',0.62,'M','06');
Insert into STUDENT (STD_NO,STD_NAME,STD_SCORE,STD_GENDER,MAJOR_NO) values ('20200079','정지우',2.95,'F','08');
Insert into STUDENT (STD_NO,STD_NAME,STD_SCORE,STD_GENDER,MAJOR_NO) values ('20200080','정현우',2.61,'F','07');
Insert into STUDENT (STD_NO,STD_NAME,STD_SCORE,STD_GENDER,MAJOR_NO) values ('20200081','정지우',1.01,'M','05');
Insert into STUDENT (STD_NO,STD_NAME,STD_SCORE,STD_GENDER,MAJOR_NO) values ('20200082','강현우',0.92,'F','09');
Insert into STUDENT (STD_NO,STD_NAME,STD_SCORE,STD_GENDER,MAJOR_NO) values ('20200083','장채원',2.64,'F','08');
Insert into STUDENT (STD_NO,STD_NAME,STD_SCORE,STD_GENDER,MAJOR_NO) values ('20200084','조준혁',0.36,'F','05');
Insert into STUDENT (STD_NO,STD_NAME,STD_SCORE,STD_GENDER,MAJOR_NO) values ('20200085','임지원',1.67,'M','04');
Insert into STUDENT (STD_NO,STD_NAME,STD_SCORE,STD_GENDER,MAJOR_NO) values ('20200086','장민수',0.89,'M','08');
Insert into STUDENT (STD_NO,STD_NAME,STD_SCORE,STD_GENDER,MAJOR_NO) values ('20200087','강민수',2.15,'F','08');
Insert into STUDENT (STD_NO,STD_NAME,STD_SCORE,STD_GENDER,MAJOR_NO) values ('20200088','최지훈',2.58,'M','06');
Insert into STUDENT (STD_NO,STD_NAME,STD_SCORE,STD_GENDER,MAJOR_NO) values ('20200089','김하늘',4.14,'F','05');
Insert into STUDENT (STD_NO,STD_NAME,STD_SCORE,STD_GENDER,MAJOR_NO) values ('20200090','박민수',1.33,'M','07');
Insert into STUDENT (STD_NO,STD_NAME,STD_SCORE,STD_GENDER,MAJOR_NO) values ('20200091','박혜진',2.69,'M','10');
Insert into STUDENT (STD_NO,STD_NAME,STD_SCORE,STD_GENDER,MAJOR_NO) values ('20200092','조도윤',2.9,'F','02');
Insert into STUDENT (STD_NO,STD_NAME,STD_SCORE,STD_GENDER,MAJOR_NO) values ('20200093','김민수',3.64,'F','02');
Insert into STUDENT (STD_NO,STD_NAME,STD_SCORE,STD_GENDER,MAJOR_NO) values ('20200094','조나은',4.44,'M','01');
Insert into STUDENT (STD_NO,STD_NAME,STD_SCORE,STD_GENDER,MAJOR_NO) values ('20200095','장민수',4.18,'F','03');
Insert into STUDENT (STD_NO,STD_NAME,STD_SCORE,STD_GENDER,MAJOR_NO) values ('20200096','장승현',2.65,'F','05');
Insert into STUDENT (STD_NO,STD_NAME,STD_SCORE,STD_GENDER,MAJOR_NO) values ('20200097','장지훈',2.13,'M','04');
Insert into STUDENT (STD_NO,STD_NAME,STD_SCORE,STD_GENDER,MAJOR_NO) values ('20200098','강승현',0.4,'M','06');
Insert into STUDENT (STD_NO,STD_NAME,STD_SCORE,STD_GENDER,MAJOR_NO) values ('20200099','장지원',3.87,'M','10');
Insert into STUDENT (STD_NO,STD_NAME,STD_SCORE,STD_GENDER,MAJOR_NO) values ('20210000','이지우',0.23,'F','02');
Insert into STUDENT (STD_NO,STD_NAME,STD_SCORE,STD_GENDER,MAJOR_NO) values ('20210001','최지민',3.67,'F','08');
Insert into STUDENT (STD_NO,STD_NAME,STD_SCORE,STD_GENDER,MAJOR_NO) values ('20210002','박민수',4.15,'M','08');
Insert into STUDENT (STD_NO,STD_NAME,STD_SCORE,STD_GENDER,MAJOR_NO) values ('20210003','이수민',0.31,'F','09');
Insert into STUDENT (STD_NO,STD_NAME,STD_SCORE,STD_GENDER,MAJOR_NO) values ('20210004','이수민',3.47,'F','07');
Insert into STUDENT (STD_NO,STD_NAME,STD_SCORE,STD_GENDER,MAJOR_NO) values ('20210005','조지우',0.65,'F','08');
Insert into STUDENT (STD_NO,STD_NAME,STD_SCORE,STD_GENDER,MAJOR_NO) values ('20210006','김현수',4.43,'M','01');
Insert into STUDENT (STD_NO,STD_NAME,STD_SCORE,STD_GENDER,MAJOR_NO) values ('20210007','장준혁',0.02,'F','03');
Insert into STUDENT (STD_NO,STD_NAME,STD_SCORE,STD_GENDER,MAJOR_NO) values ('20210008','임유진',1.49,'M','07');
Insert into STUDENT (STD_NO,STD_NAME,STD_SCORE,STD_GENDER,MAJOR_NO) values ('20210009','정지민',0.37,'F','08');
Insert into STUDENT (STD_NO,STD_NAME,STD_SCORE,STD_GENDER,MAJOR_NO) values ('20210010','임준혁',2.84,'F','09');
Insert into STUDENT (STD_NO,STD_NAME,STD_SCORE,STD_GENDER,MAJOR_NO) values ('20210011','최서윤',0.22,'M','01');
Insert into STUDENT (STD_NO,STD_NAME,STD_SCORE,STD_GENDER,MAJOR_NO) values ('20210012','임지민',0.44,'F','06');
Insert into STUDENT (STD_NO,STD_NAME,STD_SCORE,STD_GENDER,MAJOR_NO) values ('20210013','장나은',1.05,'F','04');
Insert into STUDENT (STD_NO,STD_NAME,STD_SCORE,STD_GENDER,MAJOR_NO) values ('20210014','김준혁',0.73,'F','03');
Insert into STUDENT (STD_NO,STD_NAME,STD_SCORE,STD_GENDER,MAJOR_NO) values ('20210015','장혜진',1.95,'M','09');
Insert into STUDENT (STD_NO,STD_NAME,STD_SCORE,STD_GENDER,MAJOR_NO) values ('20210016','조지원',1.03,'M','01');
Insert into STUDENT (STD_NO,STD_NAME,STD_SCORE,STD_GENDER,MAJOR_NO) values ('20210017','이서연',0.45,'F','04');
Insert into STUDENT (STD_NO,STD_NAME,STD_SCORE,STD_GENDER,MAJOR_NO) values ('20210018','장지우',4.36,'M','10');
Insert into STUDENT (STD_NO,STD_NAME,STD_SCORE,STD_GENDER,MAJOR_NO) values ('20210019','이채원',2.57,'F','02');
Insert into STUDENT (STD_NO,STD_NAME,STD_SCORE,STD_GENDER,MAJOR_NO) values ('20210020','정도윤',2.59,'M','05');
Insert into STUDENT (STD_NO,STD_NAME,STD_SCORE,STD_GENDER,MAJOR_NO) values ('20210021','최나은',0.38,'F','08');
Insert into STUDENT (STD_NO,STD_NAME,STD_SCORE,STD_GENDER,MAJOR_NO) values ('20210022','박승현',3.37,'F','01');
Insert into STUDENT (STD_NO,STD_NAME,STD_SCORE,STD_GENDER,MAJOR_NO) values ('20210023','박지훈',3.08,'F','02');
Insert into STUDENT (STD_NO,STD_NAME,STD_SCORE,STD_GENDER,MAJOR_NO) values ('20210024','정서연',3.66,'M','09');
Insert into STUDENT (STD_NO,STD_NAME,STD_SCORE,STD_GENDER,MAJOR_NO) values ('20210025','윤지훈',0.9,'M','09');
Insert into STUDENT (STD_NO,STD_NAME,STD_SCORE,STD_GENDER,MAJOR_NO) values ('20210026','박준혁',2.54,'M','05');
Insert into STUDENT (STD_NO,STD_NAME,STD_SCORE,STD_GENDER,MAJOR_NO) values ('20210027','정현우',0.69,'F','07');
Insert into STUDENT (STD_NO,STD_NAME,STD_SCORE,STD_GENDER,MAJOR_NO) values ('20210028','정지원',3.6,'M','04');
Insert into STUDENT (STD_NO,STD_NAME,STD_SCORE,STD_GENDER,MAJOR_NO) values ('20210029','최지훈',3.24,'F','06');
Insert into STUDENT (STD_NO,STD_NAME,STD_SCORE,STD_GENDER,MAJOR_NO) values ('20210030','장유진',0.14,'F','06');
Insert into STUDENT (STD_NO,STD_NAME,STD_SCORE,STD_GENDER,MAJOR_NO) values ('20210031','최지원',0.61,'M','09');
Insert into STUDENT (STD_NO,STD_NAME,STD_SCORE,STD_GENDER,MAJOR_NO) values ('20210032','장채원',4.47,'F','08');
Insert into STUDENT (STD_NO,STD_NAME,STD_SCORE,STD_GENDER,MAJOR_NO) values ('20210033','이지우',3.33,'M','05');
Insert into STUDENT (STD_NO,STD_NAME,STD_SCORE,STD_GENDER,MAJOR_NO) values ('20210034','정지원',1.61,'F','08');
Insert into STUDENT (STD_NO,STD_NAME,STD_SCORE,STD_GENDER,MAJOR_NO) values ('20210035','임현우',0.65,'F','10');
Insert into STUDENT (STD_NO,STD_NAME,STD_SCORE,STD_GENDER,MAJOR_NO) values ('20210036','조현우',2.52,'F','07');
Insert into STUDENT (STD_NO,STD_NAME,STD_SCORE,STD_GENDER,MAJOR_NO) values ('20210037','임현우',2.4,'M','07');
Insert into STUDENT (STD_NO,STD_NAME,STD_SCORE,STD_GENDER,MAJOR_NO) values ('20210038','조수민',1.96,'M','05');
Insert into STUDENT (STD_NO,STD_NAME,STD_SCORE,STD_GENDER,MAJOR_NO) values ('20210039','윤승현',1.06,'M','09');
Insert into STUDENT (STD_NO,STD_NAME,STD_SCORE,STD_GENDER,MAJOR_NO) values ('20210040','김유진',2.93,'F','04');
Insert into STUDENT (STD_NO,STD_NAME,STD_SCORE,STD_GENDER,MAJOR_NO) values ('20210041','장채원',0.99,'F','03');
Insert into STUDENT (STD_NO,STD_NAME,STD_SCORE,STD_GENDER,MAJOR_NO) values ('20210042','최서연',1.71,'F','04');
Insert into STUDENT (STD_NO,STD_NAME,STD_SCORE,STD_GENDER,MAJOR_NO) values ('20210043','장서윤',1.2,'M','10');
Insert into STUDENT (STD_NO,STD_NAME,STD_SCORE,STD_GENDER,MAJOR_NO) values ('20210044','정준혁',2.66,'F','08');
Insert into STUDENT (STD_NO,STD_NAME,STD_SCORE,STD_GENDER,MAJOR_NO) values ('20210045','윤서연',1.29,'M','02');
Insert into STUDENT (STD_NO,STD_NAME,STD_SCORE,STD_GENDER,MAJOR_NO) values ('20210046','임수민',3.5,'M','05');
Insert into STUDENT (STD_NO,STD_NAME,STD_SCORE,STD_GENDER,MAJOR_NO) values ('20210047','이나은',1.76,'F','02');
Insert into STUDENT (STD_NO,STD_NAME,STD_SCORE,STD_GENDER,MAJOR_NO) values ('20210048','최현수',3.04,'M','01');
Insert into STUDENT (STD_NO,STD_NAME,STD_SCORE,STD_GENDER,MAJOR_NO) values ('20210049','박지훈',2.78,'M','09');
Insert into STUDENT (STD_NO,STD_NAME,STD_SCORE,STD_GENDER,MAJOR_NO) values ('20210050','임현우',1.52,'M','06');
Insert into STUDENT (STD_NO,STD_NAME,STD_SCORE,STD_GENDER,MAJOR_NO) values ('20210051','조지원',3.31,'M','02');
Insert into STUDENT (STD_NO,STD_NAME,STD_SCORE,STD_GENDER,MAJOR_NO) values ('20210052','강수민',3.17,'F','03');
Insert into STUDENT (STD_NO,STD_NAME,STD_SCORE,STD_GENDER,MAJOR_NO) values ('20210053','강현수',4.38,'M','04');
Insert into STUDENT (STD_NO,STD_NAME,STD_SCORE,STD_GENDER,MAJOR_NO) values ('20210054','윤민수',0.47,'F','02');
Insert into STUDENT (STD_NO,STD_NAME,STD_SCORE,STD_GENDER,MAJOR_NO) values ('20210055','장나은',0.89,'F','08');
Insert into STUDENT (STD_NO,STD_NAME,STD_SCORE,STD_GENDER,MAJOR_NO) values ('20210056','박서연',2.83,'F','09');
Insert into STUDENT (STD_NO,STD_NAME,STD_SCORE,STD_GENDER,MAJOR_NO) values ('20210057','김수민',1.87,'M','08');
Insert into STUDENT (STD_NO,STD_NAME,STD_SCORE,STD_GENDER,MAJOR_NO) values ('20210058','최현수',1.05,'M','08');
Insert into STUDENT (STD_NO,STD_NAME,STD_SCORE,STD_GENDER,MAJOR_NO) values ('20210059','최민수',1.21,'M','06');
Insert into STUDENT (STD_NO,STD_NAME,STD_SCORE,STD_GENDER,MAJOR_NO) values ('20210060','박현수',2.62,'F','10');
Insert into STUDENT (STD_NO,STD_NAME,STD_SCORE,STD_GENDER,MAJOR_NO) values ('20210061','김서연',3.09,'F','04');
Insert into STUDENT (STD_NO,STD_NAME,STD_SCORE,STD_GENDER,MAJOR_NO) values ('20210062','김나은',3.39,'F','04');
Insert into STUDENT (STD_NO,STD_NAME,STD_SCORE,STD_GENDER,MAJOR_NO) values ('20210063','장서윤',2.75,'F','07');
Insert into STUDENT (STD_NO,STD_NAME,STD_SCORE,STD_GENDER,MAJOR_NO) values ('20210064','윤서연',0.42,'F','07');
Insert into STUDENT (STD_NO,STD_NAME,STD_SCORE,STD_GENDER,MAJOR_NO) values ('20210065','정지우',1.85,'M','10');
Insert into STUDENT (STD_NO,STD_NAME,STD_SCORE,STD_GENDER,MAJOR_NO) values ('20210066','박승현',3.88,'M','10');
Insert into STUDENT (STD_NO,STD_NAME,STD_SCORE,STD_GENDER,MAJOR_NO) values ('20210067','최준혁',4.3,'M','08');
Insert into STUDENT (STD_NO,STD_NAME,STD_SCORE,STD_GENDER,MAJOR_NO) values ('20205474','이하늘',1.67,'M','10');
Insert into STUDENT (STD_NO,STD_NAME,STD_SCORE,STD_GENDER,MAJOR_NO) values ('20200780','김하늘',2.36,'M','07');
Insert into STUDENT (STD_NO,STD_NAME,STD_SCORE,STD_GENDER,MAJOR_NO) values ('20208292','정나은',1.24,'F','09');
Insert into STUDENT (STD_NO,STD_NAME,STD_SCORE,STD_GENDER,MAJOR_NO) values ('20205548','박지우',0.7,'F','02');
Insert into STUDENT (STD_NO,STD_NAME,STD_SCORE,STD_GENDER,MAJOR_NO) values ('20205759','최지우',3.86,'F','07');
Insert into STUDENT (STD_NO,STD_NAME,STD_SCORE,STD_GENDER,MAJOR_NO) values ('20204742','임서윤',0.6,'M','06');
Insert into STUDENT (STD_NO,STD_NAME,STD_SCORE,STD_GENDER,MAJOR_NO) values ('20206307','윤지훈',4.25,'F','03');
Insert into STUDENT (STD_NO,STD_NAME,STD_SCORE,STD_GENDER,MAJOR_NO) values ('20209511','정지훈',4.48,'F','10');
Insert into STUDENT (STD_NO,STD_NAME,STD_SCORE,STD_GENDER,MAJOR_NO) values ('20204943','윤서연',4.18,'F','06');
Insert into STUDENT (STD_NO,STD_NAME,STD_SCORE,STD_GENDER,MAJOR_NO) values ('20208293','김서윤',0.94,'M','09');
Insert into STUDENT (STD_NO,STD_NAME,STD_SCORE,STD_GENDER,MAJOR_NO) values ('20205358','정지훈',2.4,'F','07');
Insert into STUDENT (STD_NO,STD_NAME,STD_SCORE,STD_GENDER,MAJOR_NO) values ('20205209','김채원',4.17,'F','04');
Insert into STUDENT (STD_NO,STD_NAME,STD_SCORE,STD_GENDER,MAJOR_NO) values ('20201163','임승현',4.27,'M','09');
Insert into STUDENT (STD_NO,STD_NAME,STD_SCORE,STD_GENDER,MAJOR_NO) values ('20203820','윤지우',3.91,'F','07');
Insert into STUDENT (STD_NO,STD_NAME,STD_SCORE,STD_GENDER,MAJOR_NO) values ('20201795','김지훈',4.13,'F','05');
Insert into STUDENT (STD_NO,STD_NAME,STD_SCORE,STD_GENDER,MAJOR_NO) values ('20206659','박준혁',4.22,'M','02');
Insert into STUDENT (STD_NO,STD_NAME,STD_SCORE,STD_GENDER,MAJOR_NO) values ('20200571','윤지훈',3.47,'M','02');
Insert into STUDENT (STD_NO,STD_NAME,STD_SCORE,STD_GENDER,MAJOR_NO) values ('20206018','박현수',1.64,'F','03');
Insert into STUDENT (STD_NO,STD_NAME,STD_SCORE,STD_GENDER,MAJOR_NO) values ('20205049','윤승현',1.92,'F','06');
Insert into STUDENT (STD_NO,STD_NAME,STD_SCORE,STD_GENDER,MAJOR_NO) values ('20204243','정서윤',3.21,'M','04');
Insert into STUDENT (STD_NO,STD_NAME,STD_SCORE,STD_GENDER,MAJOR_NO) values ('20204860','장서연',1.79,'F','02');
Insert into STUDENT (STD_NO,STD_NAME,STD_SCORE,STD_GENDER,MAJOR_NO) values ('20208406','윤서윤',1.17,'M','03');
Insert into STUDENT (STD_NO,STD_NAME,STD_SCORE,STD_GENDER,MAJOR_NO) values ('20207313','강지우',2,'F','01');
Insert into STUDENT (STD_NO,STD_NAME,STD_SCORE,STD_GENDER,MAJOR_NO) values ('20204730','최민수',2.3,'F','03');
Insert into STUDENT (STD_NO,STD_NAME,STD_SCORE,STD_GENDER,MAJOR_NO) values ('20201976','강지훈',0.25,'F','10');
Insert into STUDENT (STD_NO,STD_NAME,STD_SCORE,STD_GENDER,MAJOR_NO) values ('20208371','조현수',1.6,'F','05');
Insert into STUDENT (STD_NO,STD_NAME,STD_SCORE,STD_GENDER,MAJOR_NO) values ('20200372','최수민',2.38,'F','08');
Insert into STUDENT (STD_NO,STD_NAME,STD_SCORE,STD_GENDER,MAJOR_NO) values ('20202473','박지원',4.27,'F','06');
Insert into STUDENT (STD_NO,STD_NAME,STD_SCORE,STD_GENDER,MAJOR_NO) values ('20209801','강서윤',4.46,'F','09');
Insert into STUDENT (STD_NO,STD_NAME,STD_SCORE,STD_GENDER,MAJOR_NO) values ('20201279','장지훈',1.35,'M','09');
Insert into STUDENT (STD_NO,STD_NAME,STD_SCORE,STD_GENDER,MAJOR_NO) values ('20206053','장승현',4.46,'M','07');
Insert into STUDENT (STD_NO,STD_NAME,STD_SCORE,STD_GENDER,MAJOR_NO) values ('20201870','강서윤',1.15,'F','01');
Insert into STUDENT (STD_NO,STD_NAME,STD_SCORE,STD_GENDER,MAJOR_NO) values ('20204560','김도윤',3.72,'M','08');
Insert into STUDENT (STD_NO,STD_NAME,STD_SCORE,STD_GENDER,MAJOR_NO) values ('20205357','김준혁',3.04,'F','10');
Insert into STUDENT (STD_NO,STD_NAME,STD_SCORE,STD_GENDER,MAJOR_NO) values ('20201459','정민수',3.41,'M','10');
Insert into STUDENT (STD_NO,STD_NAME,STD_SCORE,STD_GENDER,MAJOR_NO) values ('20206114','윤지우',3.69,'M','05');
Insert into STUDENT (STD_NO,STD_NAME,STD_SCORE,STD_GENDER,MAJOR_NO) values ('20204001','박유진',2.33,'M','08');
Insert into STUDENT (STD_NO,STD_NAME,STD_SCORE,STD_GENDER,MAJOR_NO) values ('20207882','조채원',3.13,'F','05');
Insert into STUDENT (STD_NO,STD_NAME,STD_SCORE,STD_GENDER,MAJOR_NO) values ('20208627','정하늘',0.09,'F','06');
Insert into STUDENT (STD_NO,STD_NAME,STD_SCORE,STD_GENDER,MAJOR_NO) values ('20207014','조하늘',0.34,'F','09');
Insert into STUDENT (STD_NO,STD_NAME,STD_SCORE,STD_GENDER,MAJOR_NO) values ('20201777','장하늘',0.56,'M','02');
Insert into STUDENT (STD_NO,STD_NAME,STD_SCORE,STD_GENDER,MAJOR_NO) values ('20206344','박지원',0.63,'M','08');
Insert into STUDENT (STD_NO,STD_NAME,STD_SCORE,STD_GENDER,MAJOR_NO) values ('20207846','강준혁',2.5,'F','02');
Insert into STUDENT (STD_NO,STD_NAME,STD_SCORE,STD_GENDER,MAJOR_NO) values ('20206331','강지원',0.02,'M','01');
Insert into STUDENT (STD_NO,STD_NAME,STD_SCORE,STD_GENDER,MAJOR_NO) values ('20206265','임준혁',0.04,'F','06');
Insert into STUDENT (STD_NO,STD_NAME,STD_SCORE,STD_GENDER,MAJOR_NO) values ('20204031','최유진',4.11,'M','10');
Insert into STUDENT (STD_NO,STD_NAME,STD_SCORE,STD_GENDER,MAJOR_NO) values ('20201788','최지원',3.3,'F','04');
Insert into STUDENT (STD_NO,STD_NAME,STD_SCORE,STD_GENDER,MAJOR_NO) values ('20200312','조서윤',4.44,'F','03');
Insert into STUDENT (STD_NO,STD_NAME,STD_SCORE,STD_GENDER,MAJOR_NO) values ('20201525','조채원',1,'F','06');
Insert into STUDENT (STD_NO,STD_NAME,STD_SCORE,STD_GENDER,MAJOR_NO) values ('20204220','장준혁',2.74,'M','05');
Insert into STUDENT (STD_NO,STD_NAME,STD_SCORE,STD_GENDER,MAJOR_NO) values ('20203992','박승현',0.97,'M','01');
Insert into STUDENT (STD_NO,STD_NAME,STD_SCORE,STD_GENDER,MAJOR_NO) values ('20204820','윤유진',4.48,'F','08');
Insert into STUDENT (STD_NO,STD_NAME,STD_SCORE,STD_GENDER,MAJOR_NO) values ('20209910','장수민',0.99,'F','02');
Insert into STUDENT (STD_NO,STD_NAME,STD_SCORE,STD_GENDER,MAJOR_NO) values ('20207267','김승현',2.71,'F','03');
Insert into STUDENT (STD_NO,STD_NAME,STD_SCORE,STD_GENDER,MAJOR_NO) values ('20208807','정민수',2.88,'F','09');
Insert into STUDENT (STD_NO,STD_NAME,STD_SCORE,STD_GENDER,MAJOR_NO) values ('20200564','정지민',1.72,'F','09');
Insert into STUDENT (STD_NO,STD_NAME,STD_SCORE,STD_GENDER,MAJOR_NO) values ('20207451','임서윤',1.06,'M','01');
Insert into STUDENT (STD_NO,STD_NAME,STD_SCORE,STD_GENDER,MAJOR_NO) values ('20204159','임하늘',1.51,'F','01');
Insert into STUDENT (STD_NO,STD_NAME,STD_SCORE,STD_GENDER,MAJOR_NO) values ('20209678','정유진',1.39,'F','05');
Insert into STUDENT (STD_NO,STD_NAME,STD_SCORE,STD_GENDER,MAJOR_NO) values ('20209474','박지우',2.04,'M','09');
Insert into STUDENT (STD_NO,STD_NAME,STD_SCORE,STD_GENDER,MAJOR_NO) values ('20209947','조하늘',3.16,'M','10');
Insert into STUDENT (STD_NO,STD_NAME,STD_SCORE,STD_GENDER,MAJOR_NO) values ('20203715','윤서연',4.16,'F','03');
Insert into STUDENT (STD_NO,STD_NAME,STD_SCORE,STD_GENDER,MAJOR_NO) values ('20208849','강하늘',1.47,'F','02');
Insert into STUDENT (STD_NO,STD_NAME,STD_SCORE,STD_GENDER,MAJOR_NO) values ('20202223','강도윤',3.46,'M','06');
Insert into STUDENT (STD_NO,STD_NAME,STD_SCORE,STD_GENDER,MAJOR_NO) values ('20201957','임지원',0.24,'M','01');
Insert into STUDENT (STD_NO,STD_NAME,STD_SCORE,STD_GENDER,MAJOR_NO) values ('20202928','김승현',2.13,'F','01');
Insert into STUDENT (STD_NO,STD_NAME,STD_SCORE,STD_GENDER,MAJOR_NO) values ('20209263','이지우',1.72,'M','09');
Insert into STUDENT (STD_NO,STD_NAME,STD_SCORE,STD_GENDER,MAJOR_NO) values ('20209303','임서윤',2.63,'F','06');
Insert into STUDENT (STD_NO,STD_NAME,STD_SCORE,STD_GENDER,MAJOR_NO) values ('20200595','김준혁',4.33,'M','06');
Insert into STUDENT (STD_NO,STD_NAME,STD_SCORE,STD_GENDER,MAJOR_NO) values ('20208787','최준혁',0.99,'F','05');
Insert into STUDENT (STD_NO,STD_NAME,STD_SCORE,STD_GENDER,MAJOR_NO) values ('20209478','최수민',3.43,'F','02');
Insert into STUDENT (STD_NO,STD_NAME,STD_SCORE,STD_GENDER,MAJOR_NO) values ('20201431','박민수',3.02,'F','01');
Insert into STUDENT (STD_NO,STD_NAME,STD_SCORE,STD_GENDER,MAJOR_NO) values ('20202187','임승현',2.64,'F','01');
Insert into STUDENT (STD_NO,STD_NAME,STD_SCORE,STD_GENDER,MAJOR_NO) values ('20207077','임준혁',0.53,'F','03');
Insert into STUDENT (STD_NO,STD_NAME,STD_SCORE,STD_GENDER,MAJOR_NO) values ('20208621','박서윤',0.16,'F','06');
Insert into STUDENT (STD_NO,STD_NAME,STD_SCORE,STD_GENDER,MAJOR_NO) values ('20202932','이유진',2.85,'M','10');
Insert into STUDENT (STD_NO,STD_NAME,STD_SCORE,STD_GENDER,MAJOR_NO) values ('20205157','장서윤',2.26,'F','04');
Insert into STUDENT (STD_NO,STD_NAME,STD_SCORE,STD_GENDER,MAJOR_NO) values ('20202918','최유진',4.47,'F','05');
Insert into STUDENT (STD_NO,STD_NAME,STD_SCORE,STD_GENDER,MAJOR_NO) values ('20207766','박지원',0.23,'F','04');
Insert into STUDENT (STD_NO,STD_NAME,STD_SCORE,STD_GENDER,MAJOR_NO) values ('20207961','정혜진',3.74,'F','08');
Insert into STUDENT (STD_NO,STD_NAME,STD_SCORE,STD_GENDER,MAJOR_NO) values ('20204732','이서연',3.42,'M','07');
Insert into STUDENT (STD_NO,STD_NAME,STD_SCORE,STD_GENDER,MAJOR_NO) values ('20204242','강지원',0.93,'F','06');
Insert into STUDENT (STD_NO,STD_NAME,STD_SCORE,STD_GENDER,MAJOR_NO) values ('20207633','임현우',0.63,'M','01');
Insert into STUDENT (STD_NO,STD_NAME,STD_SCORE,STD_GENDER,MAJOR_NO) values ('20208129','최지훈',0.52,'M','01');
Insert into STUDENT (STD_NO,STD_NAME,STD_SCORE,STD_GENDER,MAJOR_NO) values ('20202234','강혜진',2.54,'M','05');
Insert into STUDENT (STD_NO,STD_NAME,STD_SCORE,STD_GENDER,MAJOR_NO) values ('20206988','강현수',2.34,'F','03');
Insert into STUDENT (STD_NO,STD_NAME,STD_SCORE,STD_GENDER,MAJOR_NO) values ('20207684','강수민',1.5,'M','06');
Insert into STUDENT (STD_NO,STD_NAME,STD_SCORE,STD_GENDER,MAJOR_NO) values ('20208871','김민수',3.71,'F','09');
Insert into STUDENT (STD_NO,STD_NAME,STD_SCORE,STD_GENDER,MAJOR_NO) values ('20203147','임지우',0.23,'M','03');
Insert into STUDENT (STD_NO,STD_NAME,STD_SCORE,STD_GENDER,MAJOR_NO) values ('20200633','최나은',2.08,'F','06');
Insert into STUDENT (STD_NO,STD_NAME,STD_SCORE,STD_GENDER,MAJOR_NO) values ('20210068','조지원',0.4,'M','07');
Insert into STUDENT (STD_NO,STD_NAME,STD_SCORE,STD_GENDER,MAJOR_NO) values ('20210069','윤유진',2.38,'M','10');
Insert into STUDENT (STD_NO,STD_NAME,STD_SCORE,STD_GENDER,MAJOR_NO) values ('20210070','김서윤',0.56,'F','07');
Insert into STUDENT (STD_NO,STD_NAME,STD_SCORE,STD_GENDER,MAJOR_NO) values ('20210071','임채원',1.98,'M','09');
Insert into STUDENT (STD_NO,STD_NAME,STD_SCORE,STD_GENDER,MAJOR_NO) values ('20210072','박준혁',2.77,'M','05');
Insert into STUDENT (STD_NO,STD_NAME,STD_SCORE,STD_GENDER,MAJOR_NO) values ('20210073','윤혜진',0.86,'F','06');
Insert into STUDENT (STD_NO,STD_NAME,STD_SCORE,STD_GENDER,MAJOR_NO) values ('20210074','김승현',2.97,'M','08');
Insert into STUDENT (STD_NO,STD_NAME,STD_SCORE,STD_GENDER,MAJOR_NO) values ('20210075','조지우',1.9,'M','10');
Insert into STUDENT (STD_NO,STD_NAME,STD_SCORE,STD_GENDER,MAJOR_NO) values ('20210076','장채원',2.2,'M','08');
Insert into STUDENT (STD_NO,STD_NAME,STD_SCORE,STD_GENDER,MAJOR_NO) values ('20210077','장승현',2.77,'F','09');
Insert into STUDENT (STD_NO,STD_NAME,STD_SCORE,STD_GENDER,MAJOR_NO) values ('20210078','조지민',1.67,'F','01');
Insert into STUDENT (STD_NO,STD_NAME,STD_SCORE,STD_GENDER,MAJOR_NO) values ('20210079','정지훈',1.15,'M','02');
Insert into STUDENT (STD_NO,STD_NAME,STD_SCORE,STD_GENDER,MAJOR_NO) values ('20210080','조지우',1.51,'M','06');
Insert into STUDENT (STD_NO,STD_NAME,STD_SCORE,STD_GENDER,MAJOR_NO) values ('20210081','김지훈',3.58,'M','04');
Insert into STUDENT (STD_NO,STD_NAME,STD_SCORE,STD_GENDER,MAJOR_NO) values ('20210082','장나은',3.91,'M','04');
Insert into STUDENT (STD_NO,STD_NAME,STD_SCORE,STD_GENDER,MAJOR_NO) values ('20210083','김현우',3.66,'F','02');
Insert into STUDENT (STD_NO,STD_NAME,STD_SCORE,STD_GENDER,MAJOR_NO) values ('20210084','임지훈',1.67,'M','10');
Insert into STUDENT (STD_NO,STD_NAME,STD_SCORE,STD_GENDER,MAJOR_NO) values ('20210085','임승현',0.84,'M','01');
Insert into STUDENT (STD_NO,STD_NAME,STD_SCORE,STD_GENDER,MAJOR_NO) values ('20210086','정지원',4.19,'F','07');
Insert into STUDENT (STD_NO,STD_NAME,STD_SCORE,STD_GENDER,MAJOR_NO) values ('20210087','이서윤',3.52,'F','03');
Insert into STUDENT (STD_NO,STD_NAME,STD_SCORE,STD_GENDER,MAJOR_NO) values ('20210088','윤현우',3.18,'M','08');
Insert into STUDENT (STD_NO,STD_NAME,STD_SCORE,STD_GENDER,MAJOR_NO) values ('20210089','이수민',0,'M','07');
Insert into STUDENT (STD_NO,STD_NAME,STD_SCORE,STD_GENDER,MAJOR_NO) values ('20210090','강승현',2.65,'M','03');
Insert into STUDENT (STD_NO,STD_NAME,STD_SCORE,STD_GENDER,MAJOR_NO) values ('20210091','최수민',1.47,'M','01');
Insert into STUDENT (STD_NO,STD_NAME,STD_SCORE,STD_GENDER,MAJOR_NO) values ('20210092','임민수',4.31,'F','03');
Insert into STUDENT (STD_NO,STD_NAME,STD_SCORE,STD_GENDER,MAJOR_NO) values ('20210093','조현우',1.53,'M','07');
Insert into STUDENT (STD_NO,STD_NAME,STD_SCORE,STD_GENDER,MAJOR_NO) values ('20210094','이준혁',3.37,'F','01');
Insert into STUDENT (STD_NO,STD_NAME,STD_SCORE,STD_GENDER,MAJOR_NO) values ('20210095','정지우',0.85,'M','03');
Insert into STUDENT (STD_NO,STD_NAME,STD_SCORE,STD_GENDER,MAJOR_NO) values ('20210096','김현수',2.11,'F','09');
Insert into STUDENT (STD_NO,STD_NAME,STD_SCORE,STD_GENDER,MAJOR_NO) values ('20210097','정승현',0.47,'F','10');
Insert into STUDENT (STD_NO,STD_NAME,STD_SCORE,STD_GENDER,MAJOR_NO) values ('20210098','조현우',2.41,'F','10');
Insert into STUDENT (STD_NO,STD_NAME,STD_SCORE,STD_GENDER,MAJOR_NO) values ('20210099','이서윤',3.8,'M','10');
Insert into STUDENT (STD_NO,STD_NAME,STD_SCORE,STD_GENDER,MAJOR_NO) values ('20220000','윤하늘',0.4,'M','06');
Insert into STUDENT (STD_NO,STD_NAME,STD_SCORE,STD_GENDER,MAJOR_NO) values ('20220001','김지원',4.3,'M','02');
Insert into STUDENT (STD_NO,STD_NAME,STD_SCORE,STD_GENDER,MAJOR_NO) values ('20220002','정승현',3.8,'M','02');
Insert into STUDENT (STD_NO,STD_NAME,STD_SCORE,STD_GENDER,MAJOR_NO) values ('20220003','강지민',3.94,'M','03');
Insert into STUDENT (STD_NO,STD_NAME,STD_SCORE,STD_GENDER,MAJOR_NO) values ('20220004','장도윤',0.72,'M','02');
Insert into STUDENT (STD_NO,STD_NAME,STD_SCORE,STD_GENDER,MAJOR_NO) values ('20220005','이서연',2.86,'F','05');
Insert into STUDENT (STD_NO,STD_NAME,STD_SCORE,STD_GENDER,MAJOR_NO) values ('20220006','장채원',2.36,'F','09');
Insert into STUDENT (STD_NO,STD_NAME,STD_SCORE,STD_GENDER,MAJOR_NO) values ('20220007','정유진',1.68,'F','10');
Insert into STUDENT (STD_NO,STD_NAME,STD_SCORE,STD_GENDER,MAJOR_NO) values ('20220008','김수민',0.72,'F','09');
Insert into STUDENT (STD_NO,STD_NAME,STD_SCORE,STD_GENDER,MAJOR_NO) values ('20220009','조지훈',3.34,'F','10');
Insert into STUDENT (STD_NO,STD_NAME,STD_SCORE,STD_GENDER,MAJOR_NO) values ('20220010','윤채원',4.32,'M','07');
Insert into STUDENT (STD_NO,STD_NAME,STD_SCORE,STD_GENDER,MAJOR_NO) values ('20220011','장현수',3.5,'M','10');
Insert into STUDENT (STD_NO,STD_NAME,STD_SCORE,STD_GENDER,MAJOR_NO) values ('20220012','정도윤',0.98,'F','02');
Insert into STUDENT (STD_NO,STD_NAME,STD_SCORE,STD_GENDER,MAJOR_NO) values ('20220013','김하늘',1.16,'F','02');
Insert into STUDENT (STD_NO,STD_NAME,STD_SCORE,STD_GENDER,MAJOR_NO) values ('20220014','강지원',0.44,'F','02');
Insert into STUDENT (STD_NO,STD_NAME,STD_SCORE,STD_GENDER,MAJOR_NO) values ('20220015','장유진',1.85,'F','02');
Insert into STUDENT (STD_NO,STD_NAME,STD_SCORE,STD_GENDER,MAJOR_NO) values ('20220016','이승현',2.63,'F','02');
Insert into STUDENT (STD_NO,STD_NAME,STD_SCORE,STD_GENDER,MAJOR_NO) values ('20220017','임지훈',3.4,'F','09');
Insert into STUDENT (STD_NO,STD_NAME,STD_SCORE,STD_GENDER,MAJOR_NO) values ('20220018','강현우',3.09,'M','06');
Insert into STUDENT (STD_NO,STD_NAME,STD_SCORE,STD_GENDER,MAJOR_NO) values ('20220019','이지훈',0.86,'M','05');
Insert into STUDENT (STD_NO,STD_NAME,STD_SCORE,STD_GENDER,MAJOR_NO) values ('20220020','강현우',1.44,'F','04');
Insert into STUDENT (STD_NO,STD_NAME,STD_SCORE,STD_GENDER,MAJOR_NO) values ('20220021','조승현',1.03,'M','05');
Insert into STUDENT (STD_NO,STD_NAME,STD_SCORE,STD_GENDER,MAJOR_NO) values ('20220022','정유진',3.35,'F','09');
Insert into STUDENT (STD_NO,STD_NAME,STD_SCORE,STD_GENDER,MAJOR_NO) values ('20220023','정수민',2.45,'M','07');
Insert into STUDENT (STD_NO,STD_NAME,STD_SCORE,STD_GENDER,MAJOR_NO) values ('20220024','임지원',1.38,'F','01');
Insert into STUDENT (STD_NO,STD_NAME,STD_SCORE,STD_GENDER,MAJOR_NO) values ('20220025','강수민',3.06,'F','06');
Insert into STUDENT (STD_NO,STD_NAME,STD_SCORE,STD_GENDER,MAJOR_NO) values ('20220026','최서연',0.96,'F','07');
Insert into STUDENT (STD_NO,STD_NAME,STD_SCORE,STD_GENDER,MAJOR_NO) values ('20220027','정나은',1.91,'M','01');
Insert into STUDENT (STD_NO,STD_NAME,STD_SCORE,STD_GENDER,MAJOR_NO) values ('20220028','최준혁',2.62,'M','04');
Insert into STUDENT (STD_NO,STD_NAME,STD_SCORE,STD_GENDER,MAJOR_NO) values ('20220029','최나은',4.09,'F','08');
Insert into STUDENT (STD_NO,STD_NAME,STD_SCORE,STD_GENDER,MAJOR_NO) values ('20220030','윤유진',3.67,'M','04');
Insert into STUDENT (STD_NO,STD_NAME,STD_SCORE,STD_GENDER,MAJOR_NO) values ('20220031','박준혁',0.69,'M','09');
Insert into STUDENT (STD_NO,STD_NAME,STD_SCORE,STD_GENDER,MAJOR_NO) values ('20220032','윤하늘',0.3,'F','08');
Insert into STUDENT (STD_NO,STD_NAME,STD_SCORE,STD_GENDER,MAJOR_NO) values ('20220033','김나은',0.45,'M','01');
Insert into STUDENT (STD_NO,STD_NAME,STD_SCORE,STD_GENDER,MAJOR_NO) values ('20220034','윤나은',3.95,'F','03');
Insert into STUDENT (STD_NO,STD_NAME,STD_SCORE,STD_GENDER,MAJOR_NO) values ('20220035','조도윤',1.16,'F','07');
Insert into STUDENT (STD_NO,STD_NAME,STD_SCORE,STD_GENDER,MAJOR_NO) values ('20220036','윤혜진',0.74,'F','08');
Insert into STUDENT (STD_NO,STD_NAME,STD_SCORE,STD_GENDER,MAJOR_NO) values ('20220037','최도윤',2.32,'M','04');
Insert into STUDENT (STD_NO,STD_NAME,STD_SCORE,STD_GENDER,MAJOR_NO) values ('20220038','조수민',1.28,'F','03');
Insert into STUDENT (STD_NO,STD_NAME,STD_SCORE,STD_GENDER,MAJOR_NO) values ('20220039','강준혁',1.49,'M','01');
Insert into STUDENT (STD_NO,STD_NAME,STD_SCORE,STD_GENDER,MAJOR_NO) values ('20220040','장지우',3.79,'F','05');
Insert into STUDENT (STD_NO,STD_NAME,STD_SCORE,STD_GENDER,MAJOR_NO) values ('20220041','최하늘',2.63,'M','08');
Insert into STUDENT (STD_NO,STD_NAME,STD_SCORE,STD_GENDER,MAJOR_NO) values ('20220042','박나은',3.02,'F','04');
Insert into STUDENT (STD_NO,STD_NAME,STD_SCORE,STD_GENDER,MAJOR_NO) values ('20220043','임준혁',4.22,'M','05');
Insert into STUDENT (STD_NO,STD_NAME,STD_SCORE,STD_GENDER,MAJOR_NO) values ('20220044','조나은',3.42,'M','05');
Insert into STUDENT (STD_NO,STD_NAME,STD_SCORE,STD_GENDER,MAJOR_NO) values ('20220045','임채원',1.96,'M','07');
